word,value,year
aaron,0,1990
almighty,6,1990
altar,12,1990
babylon,1,1990
burnt,7,1990
came,86,1990
christ,0,1990
city,37,1990
come,79,1990
commanded,12,1990
daughter,76,1990
daughters,23,1990
david,0,1990
day,74,1990
declares,1,1990
descendant,26,1990
doe,4,1990
father,211,1990
given,20,1990
goat,13,1990
god,227,1990
grain,26,1990
ha,89,1990
hand,46,1990
hear,2,1990
heart,8,1990
israel,36,1990
jeremiah,0,1990
jerusalem,0,1990
jesus,0,1990
judah,26,1990
king,49,1990
kingdom,2,1990
know,31,1990
lamb,7,1990
land,137,1990
let,66,1990
life,34,1990
like,32,1990
lord,196,1990
love,6,1990
male,23,1990
man,96,1990
men,62,1990
month,7,1990
moses,0,1990
mother,18,1990
mouth,12,1990
offering,11,1990
old,37,1990
people,45,1990
pharaoh,72,1990
praise,3,1990
priest,5,1990
prophet,1,1990
reign,1,1990
sacrifice,3,1990
said,401,1990
saw,64,1990
say,38,1990
says,3,1990
seen,9,1990
sent,39,1990
servant,61,1990
sin,8,1990
solomon,0,1990
son,268,1990
sovereign,2,1990
speak,10,1990
spirit,4,1990
taken,17,1990
tell,24,1990
thing,19,1990
tribe,2,1990
wa,320,1990
went,89,1990
wife,108,1990
word,13,1990
year,72,1990
aaron,110,1991
almighty,1,1991
altar,63,1991
babylon,0,1991
burnt,17,1991
came,31,1991
christ,0,1991
city,3,1991
come,54,1991
commanded,48,1991
daughter,14,1991
daughters,5,1991
david,0,1991
day,93,1991
declares,1,1991
descendant,5,1991
doe,13,1991
father,11,1991
given,11,1991
goat,9,1991
god,132,1991
grain,5,1991
ha,53,1991
hand,77,1991
hear,6,1991
heart,27,1991
israel,51,1991
jeremiah,0,1991
jerusalem,0,1991
jesus,0,1991
judah,4,1991
king,14,1991
kingdom,1,1991
know,34,1991
lamb,9,1991
land,59,1991
let,63,1991
life,7,1991
like,46,1991
lord,404,1991
love,6,1991
male,9,1991
man,34,1991
men,28,1991
month,16,1991
moses,295,1991
mother,5,1991
mouth,3,1991
offering,53,1991
old,5,1991
people,167,1991
pharaoh,91,1991
praise,2,1991
priest,13,1991
prophet,1,1991
reign,1,1991
sacrifice,23,1991
said,190,1991
saw,25,1991
say,30,1991
says,13,1991
seen,13,1991
sent,15,1991
servant,12,1991
sin,16,1991
solomon,0,1991
son,79,1991
sovereign,2,1991
speak,16,1991
spirit,2,1991
taken,2,1991
tell,22,1991
thing,6,1991
tribe,7,1991
wa,107,1991
went,45,1991
wife,11,1991
word,12,1991
year,19,1991
aaron,64,1992
almighty,0,1992
altar,88,1992
babylon,0,1992
burnt,59,1992
came,7,1992
christ,0,1992
city,4,1992
come,31,1992
commanded,24,1992
daughter,18,1992
daughters,3,1992
david,0,1992
day,84,1992
declares,0,1992
descendant,6,1992
doe,29,1992
father,14,1992
given,9,1992
goat,24,1992
god,53,1992
grain,39,1992
ha,127,1992
hand,29,1992
hear,0,1992
heart,3,1992
israel,5,1992
jeremiah,0,1992
jerusalem,0,1992
jesus,0,1992
judah,0,1992
king,0,1992
kingdom,0,1992
know,2,1992
lamb,18,1992
land,58,1992
let,3,1992
life,11,1992
like,7,1992
lord,297,1992
love,2,1992
male,21,1992
man,68,1992
men,0,1992
month,11,1992
moses,80,1992
mother,12,1992
mouth,0,1992
offering,295,1992
old,7,1992
people,41,1992
pharaoh,0,1992
praise,1,1992
priest,165,1992
prophet,0,1992
reign,0,1992
sacrifice,28,1992
said,49,1992
saw,1,1992
say,26,1992
says,0,1992
seen,2,1992
sent,1,1992
servant,0,1992
sin,95,1992
solomon,0,1992
son,51,1992
sovereign,0,1992
speak,12,1992
spirit,0,1992
taken,6,1992
tell,3,1992
thing,13,1992
tribe,0,1992
wa,21,1992
went,2,1992
wife,11,1992
word,0,1992
year,47,1992
aaron,93,1993
almighty,2,1993
altar,27,1993
babylon,0,1993
burnt,50,1993
came,39,1993
christ,0,1993
city,20,1993
come,65,1993
commanded,29,1993
daughter,14,1993
daughters,3,1993
david,0,1993
day,76,1993
declares,1,1993
descendant,45,1993
doe,9,1993
father,15,1993
given,15,1993
goat,45,1993
god,34,1993
grain,60,1993
ha,69,1993
hand,14,1993
hear,2,1993
heart,1,1993
israel,56,1993
jeremiah,0,1993
jerusalem,0,1993
jesus,0,1993
judah,13,1993
king,17,1993
kingdom,3,1993
know,6,1993
lamb,52,1993
land,85,1993
let,18,1993
life,1,1993
like,23,1993
lord,345,1993
love,2,1993
male,95,1993
man,50,1993
men,65,1993
month,27,1993
moses,229,1993
mother,1,1993
mouth,8,1993
offering,281,1993
old,71,1993
people,103,1993
pharaoh,0,1993
praise,0,1993
priest,64,1993
prophet,2,1993
reign,0,1993
sacrifice,6,1993
said,156,1993
saw,19,1993
say,33,1993
says,6,1993
seen,3,1993
sent,19,1993
servant,10,1993
sin,52,1993
solomon,0,1993
son,177,1993
sovereign,0,1993
speak,20,1993
spirit,12,1993
taken,14,1993
tell,15,1993
thing,9,1993
tribe,83,1993
wa,150,1993
went,38,1993
wife,8,1993
word,6,1993
year,78,1993
aaron,4,1994
almighty,0,1994
altar,8,1994
babylon,0,1994
burnt,7,1994
came,18,1994
christ,0,1994
city,25,1994
come,33,1994
commanded,32,1994
daughter,14,1994
daughters,6,1994
david,0,1994
day,67,1994
declares,0,1994
descendant,16,1994
doe,16,1994
father,24,1994
given,26,1994
goat,3,1994
god,357,1994
grain,10,1994
ha,110,1994
hand,48,1994
hear,25,1994
heart,30,1994
israel,48,1994
jeremiah,0,1994
jerusalem,0,1994
jesus,0,1994
judah,4,1994
king,25,1994
kingdom,7,1994
know,20,1994
lamb,5,1994
land,175,1994
let,34,1994
life,21,1994
like,38,1994
lord,515,1994
love,29,1994
male,3,1994
man,74,1994
men,23,1994
month,4,1994
moses,36,1994
mother,11,1994
mouth,6,1994
offering,13,1994
old,4,1994
people,92,1994
pharaoh,7,1994
praise,4,1994
priest,7,1994
prophet,11,1994
reign,2,1994
sacrifice,14,1994
said,61,1994
saw,15,1994
say,35,1994
says,2,1994
seen,6,1994
sent,5,1994
servant,7,1994
sin,10,1994
solomon,0,1994
son,41,1994
sovereign,2,1994
speak,4,1994
spirit,2,1994
taken,8,1994
tell,8,1994
thing,28,1994
tribe,14,1994
wa,46,1994
went,13,1994
wife,19,1994
word,33,1994
year,20,1994
aaron,6,1995
almighty,0,1995
altar,13,1995
babylon,0,1995
burnt,6,1995
came,37,1995
christ,0,1995
city,71,1995
come,26,1995
commanded,29,1995
daughter,3,1995
daughters,2,1995
david,0,1995
day,49,1995
declares,0,1995
descendant,16,1995
doe,2,1995
father,12,1995
given,26,1995
goat,0,1995
god,74,1995
grain,3,1995
ha,39,1995
hand,16,1995
hear,3,1995
heart,8,1995
israel,93,1995
jeremiah,0,1995
jerusalem,8,1995
jesus,0,1995
judah,22,1995
king,98,1995
kingdom,1,1995
know,12,1995
lamb,0,1995
land,83,1995
let,12,1995
life,6,1995
like,4,1995
lord,210,1995
love,2,1995
male,1,1995
man,13,1995
men,52,1995
month,2,1995
moses,56,1995
mother,3,1995
mouth,7,1995
offering,7,1995
old,9,1995
people,66,1995
pharaoh,0,1995
praise,1,1995
priest,31,1995
prophet,0,1995
reign,0,1995
sacrifice,2,1995
said,66,1995
saw,6,1995
say,9,1995
says,3,1995
seen,1,1995
sent,21,1995
servant,22,1995
sin,3,1995
solomon,0,1995
son,49,1995
sovereign,1,1995
speak,0,1995
spirit,0,1995
taken,15,1995
tell,11,1995
thing,6,1995
tribe,60,1995
wa,57,1995
went,53,1995
wife,0,1995
word,9,1995
year,5,1995
aaron,1,1996
almighty,0,1996
altar,10,1996
babylon,0,1996
burnt,6,1996
came,53,1996
christ,0,1996
city,38,1996
come,45,1996
commanded,1,1996
daughter,14,1996
daughters,1,1996
david,0,1996
day,50,1996
declares,0,1996
descendant,3,1996
doe,0,1996
father,29,1996
given,18,1996
goat,5,1996
god,73,1996
grain,4,1996
ha,29,1996
hand,44,1996
hear,3,1996
heart,3,1996
israel,98,1996
jeremiah,0,1996
jerusalem,4,1996
jesus,0,1996
judah,23,1996
king,40,1996
kingdom,0,1996
know,6,1996
lamb,0,1996
land,42,1996
let,19,1996
life,4,1996
like,11,1996
lord,170,1996
love,4,1996
male,1,1996
man,49,1996
men,112,1996
month,1,1996
moses,5,1996
mother,13,1996
mouth,0,1996
offering,10,1996
old,6,1996
people,55,1996
pharaoh,0,1996
praise,2,1996
priest,14,1996
prophet,1,1996
reign,0,1996
sacrifice,3,1996
said,128,1996
saw,19,1996
say,10,1996
says,2,1996
seen,8,1996
sent,25,1996
servant,11,1996
sin,0,1996
solomon,0,1996
son,59,1996
sovereign,2,1996
speak,1,1996
spirit,8,1996
taken,7,1996
tell,11,1996
thing,10,1996
tribe,15,1996
wa,98,1996
went,84,1996
wife,27,1996
word,7,1996
year,8,1996
aaron,0,1997
almighty,2,1997
altar,0,1997
babylon,0,1997
burnt,0,1997
came,6,1997
christ,0,1997
city,0,1997
come,6,1997
commanded,0,1997
daughter,8,1997
daughters,3,1997
david,2,1997
day,4,1997
declares,0,1997
descendant,0,1997
doe,0,1997
father,12,1997
given,2,1997
goat,0,1997
god,3,1997
grain,4,1997
ha,13,1997
hand,1,1997
hear,0,1997
heart,0,1997
israel,5,1997
jeremiah,0,1997
jerusalem,0,1997
jesus,0,1997
judah,4,1997
king,0,1997
kingdom,0,1997
know,4,1997
lamb,0,1997
land,4,1997
let,5,1997
life,3,1997
like,2,1997
lord,18,1997
love,1,1997
male,0,1997
man,7,1997
men,5,1997
month,0,1997
moses,0,1997
mother,1,1997
mouth,0,1997
offering,0,1997
old,2,1997
people,8,1997
pharaoh,0,1997
praise,1,1997
priest,0,1997
prophet,0,1997
reign,0,1997
sacrifice,0,1997
said,30,1997
saw,1,1997
say,1,1997
says,0,1997
seen,0,1997
sent,0,1997
servant,5,1997
sin,0,1997
solomon,0,1997
son,4,1997
sovereign,0,1997
speak,0,1997
spirit,0,1997
taken,0,1997
tell,2,1997
thing,0,1997
tribe,0,1997
wa,14,1997
went,12,1997
wife,3,1997
word,0,1997
year,0,1997
aaron,2,1998
almighty,5,1998
altar,4,1998
babylon,0,1998
burnt,9,1998
came,52,1998
christ,0,1998
city,6,1998
come,69,1998
commanded,0,1998
daughter,11,1998
daughters,3,1998
david,249,1998
day,79,1998
declares,2,1998
descendant,4,1998
doe,8,1998
father,30,1998
given,11,1998
goat,2,1998
god,94,1998
grain,3,1998
ha,103,1998
hand,72,1998
hear,7,1998
heart,19,1998
israel,118,1998
jeremiah,0,1998
jerusalem,1,1998
jesus,0,1998
judah,14,1998
king,80,1998
kingdom,8,1998
know,21,1998
lamb,1,1998
land,16,1998
let,43,1998
life,23,1998
like,23,1998
lord,300,1998
love,2,1998
male,2,1998
man,69,1998
men,129,1998
month,2,1998
moses,2,1998
mother,4,1998
mouth,6,1998
offering,21,1998
old,15,1998
people,61,1998
pharaoh,2,1998
praise,2,1998
priest,28,1998
prophet,7,1998
reign,4,1998
sacrifice,22,1998
said,229,1998
saw,28,1998
say,23,1998
says,4,1998
seen,3,1998
sent,38,1998
servant,57,1998
sin,10,1998
solomon,0,1998
son,99,1998
sovereign,0,1998
speak,7,1998
spirit,19,1998
taken,11,1998
tell,27,1998
thing,11,1998
tribe,8,1998
wa,201,1998
went,91,1998
wife,14,1998
word,20,1998
year,12,1998
aaron,0,1999
almighty,6,1999
altar,3,1999
babylon,0,1999
burnt,5,1999
came,56,1999
christ,0,1999
city,35,1999
come,46,1999
commanded,6,1999
daughter,20,1999
daughters,1,1999
david,234,1999
day,41,1999
declares,1,1999
descendant,7,1999
doe,4,1999
father,14,1999
given,7,1999
goat,0,1999
god,57,1999
grain,3,1999
ha,48,1999
hand,45,1999
hear,10,1999
heart,11,1999
israel,99,1999
jeremiah,0,1999
jerusalem,29,1999
jesus,0,1999
judah,29,1999
king,245,1999
kingdom,9,1999
know,15,1999
lamb,3,1999
land,12,1999
let,31,1999
life,11,1999
like,26,1999
lord,182,1999
love,7,1999
male,1,1999
man,55,1999
men,139,1999
month,2,1999
moses,0,1999
mother,3,1999
mouth,4,1999
offering,8,1999
old,5,1999
people,51,1999
pharaoh,0,1999
praise,5,1999
priest,3,1999
prophet,3,1999
reign,1,1999
sacrifice,2,1999
said,164,1999
saw,20,1999
say,27,1999
says,9,1999
seen,2,1999
sent,40,1999
servant,72,1999
sin,2,1999
solomon,2,1999
son,157,1999
sovereign,7,1999
speak,8,1999
spirit,3,1999
taken,12,1999
tell,15,1999
thing,13,1999
tribe,7,1999
wa,152,1999
went,75,1999
wife,16,1999
word,25,1999
year,11,1999
aaron,0,2000
almighty,3,2000
altar,31,2000
babylon,0,2000
burnt,6,2000
came,51,2000
christ,0,2000
city,41,2000
come,30,2000
commanded,5,2000
daughter,10,2000
daughters,0,2000
david,72,2000
day,39,2000
declares,0,2000
descendant,5,2000
doe,3,2000
father,72,2000
given,17,2000
goat,0,2000
god,106,2000
grain,2,2000
ha,51,2000
hand,20,2000
hear,17,2000
heart,30,2000
israel,168,2000
jeremiah,0,2000
jerusalem,29,2000
jesus,0,2000
judah,38,2000
king,299,2000
kingdom,17,2000
know,20,2000
lamb,0,2000
land,31,2000
let,23,2000
life,19,2000
like,21,2000
lord,271,2000
love,4,2000
male,6,2000
man,52,2000
men,33,2000
month,15,2000
moses,4,2000
mother,13,2000
mouth,7,2000
offering,11,2000
old,9,2000
people,75,2000
pharaoh,6,2000
praise,5,2000
priest,27,2000
prophet,53,2000
reign,17,2000
sacrifice,12,2000
said,137,2000
saw,16,2000
say,18,2000
says,23,2000
seen,3,2000
sent,28,2000
servant,46,2000
sin,21,2000
solomon,129,2000
son,131,2000
sovereign,2,2000
speak,4,2000
spirit,5,2000
taken,4,2000
tell,14,2000
thing,12,2000
tribe,11,2000
wa,185,2000
went,66,2000
wife,18,2000
word,42,2000
year,36,2000
aaron,0,2001
almighty,2,2001
altar,27,2001
babylon,28,2001
burnt,8,2001
came,45,2001
christ,0,2001
city,52,2001
come,37,2001
commanded,8,2001
daughter,16,2001
daughters,0,2001
david,19,2001
day,37,2001
declares,4,2001
descendant,5,2001
doe,2,2001
father,50,2001
given,7,2001
goat,0,2001
god,98,2001
grain,7,2001
ha,43,2001
hand,30,2001
hear,6,2001
heart,5,2001
israel,141,2001
jeremiah,2,2001
jerusalem,62,2001
jesus,0,2001
judah,95,2001
king,390,2001
kingdom,5,2001
know,16,2001
lamb,1,2001
land,47,2001
let,14,2001
life,18,2001
like,17,2001
lord,272,2001
love,0,2001
male,2,2001
man,61,2001
men,57,2001
month,6,2001
moses,6,2001
mother,9,2001
mouth,3,2001
offering,19,2001
old,19,2001
people,72,2001
pharaoh,6,2001
praise,0,2001
priest,38,2001
prophet,31,2001
reign,38,2001
sacrifice,13,2001
said,145,2001
saw,19,2001
say,16,2001
says,30,2001
seen,3,2001
sent,52,2001
servant,46,2001
sin,18,2001
solomon,4,2001
son,153,2001
sovereign,0,2001
speak,8,2001
spirit,5,2001
taken,9,2001
tell,19,2001
thing,15,2001
tribe,2,2001
wa,180,2001
went,85,2001
wife,3,2001
word,32,2001
year,67,2001
aaron,16,2002
almighty,3,2002
altar,10,2002
babylon,1,2002
burnt,13,2002
came,27,2002
christ,0,2002
city,17,2002
come,18,2002
commanded,6,2002
daughter,11,2002
daughters,6,2002
david,167,2002
day,25,2002
declares,0,2002
descendant,72,2002
doe,1,2002
father,135,2002
given,14,2002
goat,0,2002
god,114,2002
grain,2,2002
ha,14,2002
hand,23,2002
hear,1,2002
heart,9,2002
israel,95,2002
jeremiah,4,2002
jerusalem,22,2002
jesus,0,2002
judah,25,2002
king,71,2002
kingdom,12,2002
know,3,2002
lamb,0,2002
land,18,2002
let,17,2002
life,2,2002
like,7,2002
lord,176,2002
love,3,2002
male,1,2002
man,10,2002
men,97,2002
month,17,2002
moses,9,2002
mother,5,2002
mouth,0,2002
offering,17,2002
old,9,2002
people,40,2002
pharaoh,0,2002
praise,11,2002
priest,16,2002
prophet,3,2002
reign,9,2002
sacrifice,5,2002
said,44,2002
saw,13,2002
say,4,2002
says,4,2002
seen,1,2002
sent,14,2002
servant,17,2002
sin,0,2002
solomon,23,2002
son,539,2002
sovereign,0,2002
speak,0,2002
spirit,3,2002
taken,6,2002
tell,5,2002
thing,7,2002
tribe,21,2002
wa,223,2002
went,26,2002
wife,15,2002
word,9,2002
year,9,2002
aaron,6,2003
almighty,0,2003
altar,40,2003
babylon,8,2003
burnt,30,2003
came,38,2003
christ,0,2003
city,44,2003
come,30,2003
commanded,8,2003
daughter,15,2003
daughters,4,2003
david,68,2003
day,38,2003
declares,1,2003
descendant,16,2003
doe,2,2003
father,67,2003
given,20,2003
goat,8,2003
god,189,2003
grain,3,2003
ha,37,2003
hand,35,2003
hear,17,2003
heart,28,2003
israel,155,2003
jeremiah,4,2003
jerusalem,126,2003
jesus,0,2003
judah,161,2003
king,279,2003
kingdom,20,2003
know,10,2003
lamb,8,2003
land,43,2003
let,12,2003
life,2,2003
like,11,2003
lord,356,2003
love,9,2003
male,5,2003
man,22,2003
men,74,2003
month,15,2003
moses,12,2003
mother,4,2003
mouth,4,2003
offering,45,2003
old,27,2003
people,134,2003
pharaoh,0,2003
praise,12,2003
priest,76,2003
prophet,23,2003
reign,27,2003
sacrifice,18,2003
said,72,2003
saw,17,2003
say,9,2003
says,12,2003
seen,2,2003
sent,31,2003
servant,15,2003
sin,14,2003
solomon,65,2003
son,127,2003
sovereign,0,2003
speak,3,2003
spirit,7,2003
taken,4,2003
tell,6,2003
thing,11,2003
tribe,6,2003
wa,201,2003
went,54,2003
wife,11,2003
word,23,2003
year,53,2003
aaron,1,2004
almighty,0,2004
altar,3,2004
babylon,16,2004
burnt,8,2004
came,12,2004
christ,0,2004
city,9,2004
come,1,2004
commanded,1,2004
daughter,4,2004
daughters,0,2004
david,3,2004
day,18,2004
declares,0,2004
descendant,48,2004
doe,1,2004
father,1,2004
given,7,2004
goat,0,2004
god,97,2004
grain,1,2004
ha,20,2004
hand,12,2004
hear,0,2004
heart,3,2004
israel,31,2004
jeremiah,1,2004
jerusalem,47,2004
jesus,0,2004
judah,15,2004
king,65,2004
kingdom,2,2004
know,6,2004
lamb,4,2004
land,3,2004
let,14,2004
life,1,2004
like,3,2004
lord,37,2004
love,1,2004
male,6,2004
man,6,2004
men,27,2004
month,12,2004
moses,3,2004
mother,0,2004
mouth,0,2004
offering,17,2004
old,0,2004
people,30,2004
pharaoh,0,2004
praise,4,2004
priest,24,2004
prophet,5,2004
reign,7,2004
sacrifice,7,2004
said,6,2004
saw,1,2004
say,3,2004
says,1,2004
seen,1,2004
sent,8,2004
servant,8,2004
sin,4,2004
solomon,2,2004
son,49,2004
sovereign,0,2004
speak,0,2004
spirit,0,2004
taken,5,2004
tell,0,2004
thing,3,2004
tribe,1,2004
wa,31,2004
went,4,2004
wife,1,2004
word,2,2004
year,10,2004
aaron,2,2005
almighty,0,2005
altar,1,2005
babylon,2,2005
burnt,1,2005
came,11,2005
christ,0,2005
city,11,2005
come,6,2005
commanded,3,2005
daughter,10,2005
daughters,2,2005
david,8,2005
day,44,2005
declares,0,2005
descendant,22,2005
doe,2,2005
father,10,2005
given,4,2005
goat,0,2005
god,72,2005
grain,13,2005
ha,3,2005
hand,11,2005
hear,4,2005
heart,5,2005
israel,11,2005
jeremiah,3,2005
jerusalem,37,2005
jesus,0,2005
judah,30,2005
king,32,2005
kingdom,2,2005
know,3,2005
lamb,0,2005
land,14,2005
let,11,2005
life,3,2005
like,8,2005
lord,21,2005
love,5,2005
male,0,2005
man,12,2005
men,33,2005
month,7,2005
moses,7,2005
mother,0,2005
mouth,0,2005
offering,5,2005
old,0,2005
people,52,2005
pharaoh,1,2005
praise,4,2005
priest,28,2005
prophet,2,2005
reign,1,2005
sacrifice,0,2005
said,29,2005
saw,3,2005
say,3,2005
says,0,2005
seen,0,2005
sent,9,2005
servant,20,2005
sin,6,2005
solomon,4,2005
son,123,2005
sovereign,0,2005
speak,1,2005
spirit,2,2005
taken,1,2005
tell,0,2005
thing,4,2005
tribe,0,2005
wa,56,2005
went,10,2005
wife,3,2005
word,6,2005
year,10,2005
aaron,0,2006
almighty,0,2006
altar,0,2006
babylon,1,2006
burnt,0,2006
came,7,2006
christ,0,2006
city,10,2006
come,7,2006
commanded,6,2006
daughter,3,2006
daughters,0,2006
david,0,2006
day,40,2006
declares,0,2006
descendant,2,2006
doe,0,2006
father,2,2006
given,7,2006
goat,0,2006
god,0,2006
grain,0,2006
ha,10,2006
hand,5,2006
hear,0,2006
heart,0,2006
israel,0,2006
jeremiah,0,2006
jerusalem,1,2006
jesus,0,2006
judah,1,2006
king,117,2006
kingdom,9,2006
know,2,2006
lamb,0,2006
land,0,2006
let,15,2006
life,2,2006
like,0,2006
lord,0,2006
love,0,2006
male,1,2006
man,9,2006
men,5,2006
month,23,2006
moses,0,2006
mother,2,2006
mouth,1,2006
offering,0,2006
old,1,2006
people,21,2006
pharaoh,0,2006
praise,0,2006
priest,0,2006
prophet,0,2006
reign,3,2006
sacrifice,0,2006
said,12,2006
saw,4,2006
say,2,2006
says,0,2006
seen,1,2006
sent,8,2006
servant,0,2006
sin,0,2006
solomon,0,2006
son,13,2006
sovereign,0,2006
speak,1,2006
spirit,1,2006
taken,5,2006
tell,0,2006
thing,2,2006
tribe,1,2006
wa,54,2006
went,12,2006
wife,4,2006
word,3,2006
year,4,2006
aaron,0,2007
almighty,31,2007
altar,0,2007
babylon,0,2007
burnt,2,2007
came,14,2007
christ,0,2007
city,2,2007
come,41,2007
commanded,0,2007
daughter,3,2007
daughters,3,2007
david,0,2007
day,37,2007
declares,0,2007
descendant,2,2007
doe,59,2007
father,10,2007
given,4,2007
goat,1,2007
god,121,2007
grain,4,2007
ha,71,2007
hand,44,2007
hear,11,2007
heart,18,2007
israel,0,2007
jeremiah,0,2007
jerusalem,0,2007
jesus,0,2007
judah,0,2007
king,7,2007
kingdom,0,2007
know,52,2007
lamb,0,2007
land,19,2007
let,35,2007
life,25,2007
like,88,2007
lord,27,2007
love,3,2007
male,1,2007
man,88,2007
men,56,2007
month,5,2007
moses,0,2007
mother,1,2007
mouth,30,2007
offering,2,2007
old,8,2007
people,8,2007
pharaoh,0,2007
praise,0,2007
priest,1,2007
prophet,0,2007
reign,0,2007
sacrifice,2,2007
said,34,2007
saw,10,2007
say,35,2007
says,7,2007
seen,11,2007
sent,1,2007
servant,9,2007
sin,21,2007
solomon,0,2007
son,11,2007
sovereign,0,2007
speak,24,2007
spirit,11,2007
taken,4,2007
tell,19,2007
thing,11,2007
tribe,1,2007
wa,35,2007
went,3,2007
wife,3,2007
word,30,2007
year,8,2007
aaron,8,2008
almighty,17,2008
altar,5,2008
babylon,3,2008
burnt,6,2008
came,13,2008
christ,0,2008
city,20,2008
come,87,2008
commanded,5,2008
daughter,7,2008
daughters,1,2008
david,14,2008
day,96,2008
declares,0,2008
descendant,12,2008
doe,42,2008
father,16,2008
given,13,2008
goat,1,2008
god,423,2008
grain,6,2008
ha,122,2008
hand,113,2008
hear,44,2008
heart,127,2008
israel,65,2008
jeremiah,0,2008
jerusalem,17,2008
jesus,0,2008
judah,8,2008
king,57,2008
kingdom,11,2008
know,46,2008
lamb,0,2008
land,66,2008
let,157,2008
life,74,2008
like,168,2008
lord,786,2008
love,153,2008
male,0,2008
man,77,2008
men,95,2008
month,0,2008
moses,8,2008
mother,6,2008
mouth,52,2008
offering,13,2008
old,9,2008
people,114,2008
pharaoh,2,2008
praise,216,2008
priest,4,2008
prophet,2,2008
reign,4,2008
sacrifice,16,2008
said,27,2008
saw,7,2008
say,55,2008
says,4,2008
seen,11,2008
sent,11,2008
servant,44,2008
sin,34,2008
solomon,0,2008
son,28,2008
sovereign,7,2008
speak,29,2008
spirit,20,2008
taken,7,2008
tell,18,2008
thing,27,2008
tribe,9,2008
wa,68,2008
went,9,2008
wife,2,2008
word,66,2008
year,13,2008
aaron,0,2009
almighty,0,2009
altar,0,2009
babylon,0,2009
burnt,0,2009
came,2,2009
christ,0,2009
city,15,2009
come,38,2009
commanded,0,2009
daughter,0,2009
daughters,1,2009
david,1,2009
day,15,2009
declares,0,2009
descendant,0,2009
doe,22,2009
father,16,2009
given,4,2009
goat,1,2009
god,7,2009
grain,2,2009
ha,45,2009
hand,28,2009
hear,1,2009
heart,75,2009
israel,1,2009
jeremiah,0,2009
jerusalem,0,2009
jesus,0,2009
judah,1,2009
king,20,2009
kingdom,0,2009
know,11,2009
lamb,1,2009
land,8,2009
let,22,2009
life,50,2009
like,67,2009
lord,87,2009
love,36,2009
male,0,2009
man,182,2009
men,31,2009
month,0,2009
moses,0,2009
mother,11,2009
mouth,35,2009
offering,1,2009
old,4,2009
people,8,2009
pharaoh,0,2009
praise,5,2009
priest,0,2009
prophet,0,2009
reign,1,2009
sacrifice,3,2009
said,3,2009
saw,2,2009
say,23,2009
says,6,2009
seen,1,2009
sent,3,2009
servant,12,2009
sin,13,2009
solomon,3,2009
son,45,2009
sovereign,0,2009
speak,9,2009
spirit,11,2009
taken,1,2009
tell,2,2009
thing,10,2009
tribe,0,2009
wa,12,2009
went,1,2009
wife,18,2009
word,27,2009
year,5,2009
aaron,0,2010
almighty,0,2010
altar,0,2010
babylon,0,2010
burnt,0,2010
came,4,2010
christ,0,2010
city,5,2010
come,20,2010
commanded,0,2010
daughter,0,2010
daughters,0,2010
david,1,2010
day,20,2010
declares,0,2010
descendant,0,2010
doe,16,2010
father,0,2010
given,3,2010
goat,0,2010
god,41,2010
grain,0,2010
ha,36,2010
hand,9,2010
hear,1,2010
heart,29,2010
israel,1,2010
jeremiah,0,2010
jerusalem,5,2010
jesus,0,2010
judah,0,2010
king,9,2010
kingdom,1,2010
know,23,2010
lamb,0,2010
land,4,2010
let,7,2010
life,14,2010
like,12,2010
lord,1,2010
love,6,2010
male,1,2010
man,56,2010
men,19,2010
month,0,2010
moses,0,2010
mother,0,2010
mouth,4,2010
offering,0,2010
old,3,2010
people,5,2010
pharaoh,0,2010
praise,1,2010
priest,0,2010
prophet,0,2010
reign,0,2010
sacrifice,2,2010
said,4,2010
saw,13,2010
say,14,2010
says,0,2010
seen,9,2010
sent,0,2010
servant,2,2010
sin,1,2010
solomon,0,2010
son,4,2010
sovereign,0,2010
speak,1,2010
spirit,4,2010
taken,3,2010
tell,3,2010
thing,8,2010
tribe,0,2010
wa,22,2010
went,0,2010
wife,1,2010
word,10,2010
year,3,2010
aaron,0,2011
almighty,0,2011
altar,0,2011
babylon,0,2011
burnt,0,2011
came,0,2011
christ,0,2011
city,3,2011
come,16,2011
commanded,0,2011
daughter,10,2011
daughters,0,2011
david,1,2011
day,5,2011
declares,0,2011
descendant,0,2011
doe,2,2011
father,0,2011
given,0,2011
goat,3,2011
god,0,2011
grain,0,2011
ha,7,2011
hand,2,2011
hear,2,2011
heart,11,2011
israel,1,2011
jeremiah,0,2011
jerusalem,8,2011
jesus,0,2011
judah,0,2011
king,5,2011
kingdom,0,2011
know,1,2011
lamb,0,2011
land,1,2011
let,10,2011
life,0,2011
like,48,2011
lord,0,2011
love,17,2011
male,0,2011
man,0,2011
men,1,2011
month,0,2011
moses,0,2011
mother,3,2011
mouth,4,2011
offering,0,2011
old,1,2011
people,1,2011
pharaoh,1,2011
praise,1,2011
priest,0,2011
prophet,0,2011
reign,0,2011
sacrifice,0,2011
said,2,2011
saw,1,2011
say,0,2011
says,0,2011
seen,1,2011
sent,0,2011
servant,0,2011
sin,0,2011
solomon,5,2011
son,1,2011
sovereign,0,2011
speak,0,2011
spirit,0,2011
taken,2,2011
tell,3,2011
thing,0,2011
tribe,0,2011
wa,7,2011
went,1,2011
wife,0,2011
word,0,2011
year,0,2011
aaron,0,2012
almighty,63,2012
altar,12,2012
babylon,13,2012
burnt,4,2012
came,14,2012
christ,0,2012
city,53,2012
come,113,2012
commanded,2,2012
daughter,18,2012
daughters,2,2012
david,9,2012
day,112,2012
declares,25,2012
descendant,9,2012
doe,19,2012
father,16,2012
given,12,2012
goat,3,2012
god,122,2012
grain,13,2012
ha,147,2012
hand,81,2012
hear,35,2012
heart,31,2012
israel,86,2012
jeremiah,0,2012
jerusalem,48,2012
jesus,0,2012
judah,28,2012
king,76,2012
kingdom,13,2012
know,40,2012
lamb,9,2012
land,83,2012
let,67,2012
life,14,2012
like,186,2012
lord,478,2012
love,13,2012
male,0,2012
man,45,2012
men,50,2012
month,2,2012
moses,2,2012
mother,5,2012
mouth,27,2012
offering,9,2012
old,15,2012
people,147,2012
pharaoh,3,2012
praise,17,2012
priest,6,2012
prophet,8,2012
reign,5,2012
sacrifice,7,2012
said,45,2012
saw,9,2012
say,105,2012
says,54,2012
seen,10,2012
sent,18,2012
servant,34,2012
sin,26,2012
solomon,0,2012
son,48,2012
sovereign,18,2012
speak,13,2012
spirit,34,2012
taken,17,2012
tell,16,2012
thing,23,2012
tribe,2,2012
wa,63,2012
went,13,2012
wife,3,2012
word,36,2012
year,17,2012
aaron,0,2013
almighty,82,2013
altar,2,2013
babylon,161,2013
burnt,6,2013
came,57,2013
christ,0,2013
city,82,2013
come,100,2013
commanded,12,2013
daughter,22,2013
daughters,6,2013
david,10,2013
day,90,2013
declares,176,2013
descendant,11,2013
doe,13,2013
father,24,2013
given,9,2013
goat,1,2013
god,141,2013
grain,9,2013
ha,144,2013
hand,61,2013
hear,36,2013
heart,41,2013
israel,119,2013
jeremiah,125,2013
jerusalem,107,2013
jesus,0,2013
judah,179,2013
king,238,2013
kingdom,12,2013
know,38,2013
lamb,2,2013
land,176,2013
let,63,2013
life,23,2013
like,129,2013
lord,696,2013
love,9,2013
male,4,2013
man,50,2013
men,83,2013
month,12,2013
moses,1,2013
mother,11,2013
mouth,7,2013
offering,19,2013
old,7,2013
people,226,2013
pharaoh,7,2013
praise,5,2013
priest,34,2013
prophet,78,2013
reign,13,2013
sacrifice,5,2013
said,102,2013
saw,7,2013
say,112,2013
says,132,2013
seen,5,2013
sent,38,2013
servant,16,2013
sin,23,2013
solomon,1,2013
son,161,2013
sovereign,9,2013
speak,19,2013
spirit,1,2013
taken,20,2013
tell,40,2013
thing,21,2013
tribe,2,2013
wa,80,2013
went,27,2013
wife,12,2013
word,119,2013
year,36,2013
aaron,0,2014
almighty,0,2014
altar,1,2014
babylon,0,2014
burnt,0,2014
came,1,2014
christ,0,2014
city,7,2014
come,5,2014
commanded,0,2014
daughter,15,2014
daughters,0,2014
david,0,2014
day,17,2014
declares,0,2014
descendant,0,2014
doe,1,2014
father,1,2014
given,1,2014
goat,0,2014
god,1,2014
grain,0,2014
ha,69,2014
hand,12,2014
hear,0,2014
heart,8,2014
israel,3,2014
jeremiah,0,2014
jerusalem,7,2014
jesus,0,2014
judah,5,2014
king,3,2014
kingdom,1,2014
know,0,2014
lamb,0,2014
land,2,2014
let,10,2014
life,6,2014
like,22,2014
lord,44,2014
love,2,2014
male,0,2014
man,5,2014
men,11,2014
month,0,2014
moses,0,2014
mother,1,2014
mouth,4,2014
offering,0,2014
old,4,2014
people,13,2014
pharaoh,0,2014
praise,0,2014
priest,5,2014
prophet,4,2014
reign,1,2014
sacrifice,0,2014
said,1,2014
saw,1,2014
say,7,2014
says,0,2014
seen,4,2014
sent,2,2014
servant,0,2014
sin,4,2014
solomon,0,2014
son,1,2014
sovereign,0,2014
speak,1,2014
spirit,1,2014
taken,0,2014
tell,0,2014
thing,3,2014
tribe,0,2014
wa,11,2014
went,0,2014
wife,0,2014
word,1,2014
year,0,2014
aaron,0,2015
almighty,2,2015
altar,23,2015
babylon,16,2015
burnt,19,2015
came,70,2015
christ,0,2015
city,52,2015
come,61,2015
commanded,6,2015
daughter,24,2015
daughters,9,2015
david,4,2015
day,98,2015
declares,85,2015
descendant,2,2015
doe,34,2015
father,20,2015
given,11,2015
goat,4,2015
god,40,2015
grain,16,2015
ha,75,2015
hand,78,2015
hear,19,2015
heart,31,2015
israel,170,2015
jeremiah,0,2015
jerusalem,26,2015
jesus,0,2015
judah,17,2015
king,33,2015
kingdom,3,2015
know,82,2015
lamb,7,2015
land,156,2015
let,20,2015
life,11,2015
like,74,2015
lord,442,2015
love,3,2015
male,5,2015
man,164,2015
men,54,2015
month,20,2015
moses,0,2015
mother,9,2015
mouth,12,2015
offering,50,2015
old,2,2015
people,120,2015
pharaoh,12,2015
praise,0,2015
priest,18,2015
prophet,14,2015
reign,0,2015
sacrifice,11,2015
said,64,2015
saw,37,2015
say,106,2015
says,117,2015
seen,14,2015
sent,9,2015
servant,8,2015
sin,61,2015
solomon,0,2015
son,121,2015
sovereign,217,2015
speak,20,2015
spirit,25,2015
taken,6,2015
tell,10,2015
thing,34,2015
tribe,8,2015
wa,185,2015
went,40,2015
wife,7,2015
word,72,2015
year,26,2015
aaron,0,2016
almighty,0,2016
altar,0,2016
babylon,15,2016
burnt,0,2016
came,22,2016
christ,0,2016
city,6,2016
come,21,2016
commanded,3,2016
daughter,2,2016
daughters,0,2016
david,0,2016
day,15,2016
declares,0,2016
descendant,0,2016
doe,5,2016
father,11,2016
given,16,2016
goat,4,2016
god,75,2016
grain,0,2016
ha,31,2016
hand,15,2016
hear,6,2016
heart,5,2016
israel,3,2016
jeremiah,1,2016
jerusalem,10,2016
jesus,0,2016
judah,7,2016
king,152,2016
kingdom,46,2016
know,12,2016
lamb,0,2016
land,7,2016
let,10,2016
life,5,2016
like,32,2016
lord,28,2016
love,2,2016
male,0,2016
man,23,2016
men,44,2016
month,2,2016
moses,2,2016
mother,0,2016
mouth,6,2016
offering,2,2016
old,0,2016
people,29,2016
pharaoh,0,2016
praise,4,2016
priest,0,2016
prophet,1,2016
reign,8,2016
sacrifice,7,2016
said,35,2016
saw,13,2016
say,3,2016
says,0,2016
seen,3,2016
sent,5,2016
servant,11,2016
sin,6,2016
solomon,0,2016
son,6,2016
sovereign,5,2016
speak,4,2016
spirit,6,2016
taken,4,2016
tell,24,2016
thing,6,2016
tribe,0,2016
wa,115,2016
went,9,2016
wife,4,2016
word,9,2016
year,10,2016
aaron,0,2017
almighty,1,2017
altar,4,2017
babylon,0,2017
burnt,1,2017
came,3,2017
christ,0,2017
city,2,2017
come,15,2017
commanded,0,2017
daughter,4,2017
daughters,0,2017
david,1,2017
day,25,2017
declares,4,2017
descendant,0,2017
doe,4,2017
father,0,2017
given,2,2017
goat,0,2017
god,30,2017
grain,6,2017
ha,17,2017
hand,4,2017
hear,3,2017
heart,5,2017
israel,34,2017
jeremiah,0,2017
jerusalem,0,2017
jesus,0,2017
judah,14,2017
king,18,2017
kingdom,1,2017
know,2,2017
lamb,1,2017
land,12,2017
let,8,2017
life,0,2017
like,58,2017
lord,49,2017
love,20,2017
male,0,2017
man,7,2017
men,4,2017
month,0,2017
moses,0,2017
mother,4,2017
mouth,1,2017
offering,2,2017
old,1,2017
people,24,2017
pharaoh,0,2017
praise,0,2017
priest,2,2017
prophet,5,2017
reign,2,2017
sacrifice,10,2017
said,10,2017
saw,2,2017
say,8,2017
says,0,2017
seen,2,2017
sent,1,2017
servant,0,2017
sin,13,2017
solomon,0,2017
son,5,2017
sovereign,0,2017
speak,3,2017
spirit,2,2017
taken,2,2017
tell,0,2017
thing,4,2017
tribe,1,2017
wa,11,2017
went,2,2017
wife,4,2017
word,4,2017
year,0,2017
aaron,0,2018
almighty,1,2018
altar,2,2018
babylon,0,2018
burnt,0,2018
came,1,2018
christ,0,2018
city,1,2018
come,5,2018
commanded,0,2018
daughter,2,2018
daughters,0,2018
david,0,2018
day,12,2018
declares,1,2018
descendant,0,2018
doe,0,2018
father,0,2018
given,1,2018
goat,0,2018
god,11,2018
grain,7,2018
ha,17,2018
hand,1,2018
hear,1,2018
heart,2,2018
israel,3,2018
jeremiah,0,2018
jerusalem,6,2018
jesus,0,2018
judah,6,2018
king,0,2018
kingdom,0,2018
know,2,2018
lamb,0,2018
land,10,2018
let,9,2018
life,0,2018
like,12,2018
lord,32,2018
love,1,2018
male,0,2018
man,0,2018
men,4,2018
month,0,2018
moses,0,2018
mother,0,2018
mouth,0,2018
offering,6,2018
old,2,2018
people,15,2018
pharaoh,0,2018
praise,1,2018
priest,1,2018
prophet,0,2018
reign,0,2018
sacrifice,0,2018
said,1,2018
saw,0,2018
say,3,2018
says,0,2018
seen,0,2018
sent,1,2018
servant,0,2018
sin,0,2018
solomon,0,2018
son,3,2018
sovereign,0,2018
speak,0,2018
spirit,2,2018
taken,0,2018
tell,2,2018
thing,0,2018
tribe,0,2018
wa,1,2018
went,0,2018
wife,0,2018
word,1,2018
year,1,2018
aaron,0,2019
almighty,9,2019
altar,4,2019
babylon,0,2019
burnt,1,2019
came,0,2019
christ,0,2019
city,8,2019
come,4,2019
commanded,1,2019
daughter,1,2019
daughters,0,2019
david,1,2019
day,17,2019
declares,21,2019
descendant,0,2019
doe,6,2019
father,1,2019
given,2,2019
goat,0,2019
god,15,2019
grain,5,2019
ha,11,2019
hand,4,2019
hear,6,2019
heart,1,2019
israel,27,2019
jeremiah,0,2019
jerusalem,2,2019
jesus,0,2019
judah,4,2019
king,8,2019
kingdom,2,2019
know,2,2019
lamb,1,2019
land,20,2019
let,1,2019
life,2,2019
like,11,2019
lord,86,2019
love,2,2019
male,0,2019
man,3,2019
men,6,2019
month,1,2019
moses,0,2019
mother,0,2019
mouth,1,2019
offering,3,2019
old,0,2019
people,13,2019
pharaoh,0,2019
praise,0,2019
priest,1,2019
prophet,3,2019
reign,1,2019
sacrifice,2,2019
said,8,2019
saw,2,2019
say,15,2019
says,14,2019
seen,0,2019
sent,3,2019
servant,1,2019
sin,10,2019
solomon,0,2019
son,6,2019
sovereign,19,2019
speak,0,2019
spirit,0,2019
taken,3,2019
tell,1,2019
thing,0,2019
tribe,0,2019
wa,10,2019
went,0,2019
wife,1,2019
word,7,2019
year,3,2019
aaron,0,2020
almighty,0,2020
altar,0,2020
babylon,0,2020
burnt,0,2020
came,2,2020
christ,0,2020
city,0,2020
come,0,2020
commanded,0,2020
daughter,0,2020
daughters,0,2020
david,0,2020
day,10,2020
declares,2,2020
descendant,0,2020
doe,0,2020
father,0,2020
given,0,2020
goat,0,2020
god,0,2020
grain,0,2020
ha,2,2020
hand,1,2020
hear,0,2020
heart,1,2020
israel,0,2020
jeremiah,0,2020
jerusalem,2,2020
jesus,0,2020
judah,1,2020
king,0,2020
kingdom,1,2020
know,0,2020
lamb,0,2020
land,2,2020
let,1,2020
life,0,2020
like,2,2020
lord,6,2020
love,0,2020
male,0,2020
man,0,2020
men,2,2020
month,0,2020
moses,0,2020
mother,0,2020
mouth,0,2020
offering,0,2020
old,0,2020
people,4,2020
pharaoh,0,2020
praise,0,2020
priest,0,2020
prophet,0,2020
reign,0,2020
sacrifice,0,2020
said,0,2020
saw,0,2020
say,3,2020
says,0,2020
seen,0,2020
sent,1,2020
servant,0,2020
sin,0,2020
solomon,0,2020
son,0,2020
sovereign,1,2020
speak,0,2020
spirit,0,2020
taken,0,2020
tell,0,2020
thing,0,2020
tribe,0,2020
wa,1,2020
went,0,2020
wife,0,2020
word,0,2020
year,0,2020
aaron,0,2021
almighty,0,2021
altar,0,2021
babylon,0,2021
burnt,0,2021
came,2,2021
christ,0,2021
city,6,2021
come,5,2021
commanded,1,2021
daughter,0,2021
daughters,0,2021
david,0,2021
day,4,2021
declares,0,2021
descendant,0,2021
doe,0,2021
father,0,2021
given,0,2021
goat,0,2021
god,15,2021
grain,0,2021
ha,3,2021
hand,1,2021
hear,0,2021
heart,1,2021
israel,0,2021
jeremiah,0,2021
jerusalem,0,2021
jesus,0,2021
judah,0,2021
king,2,2021
kingdom,0,2021
know,1,2021
lamb,0,2021
land,3,2021
let,7,2021
life,4,2021
like,0,2021
lord,26,2021
love,1,2021
male,0,2021
man,3,2021
men,2,2021
month,0,2021
moses,0,2021
mother,0,2021
mouth,0,2021
offering,0,2021
old,0,2021
people,2,2021
pharaoh,0,2021
praise,0,2021
priest,0,2021
prophet,0,2021
reign,0,2021
sacrifice,2,2021
said,9,2021
saw,1,2021
say,0,2021
says,0,2021
seen,0,2021
sent,1,2021
servant,0,2021
sin,0,2021
solomon,0,2021
son,1,2021
sovereign,0,2021
speak,0,2021
spirit,0,2021
taken,0,2021
tell,2,2021
thing,0,2021
tribe,0,2021
wa,10,2021
went,5,2021
wife,0,2021
word,3,2021
year,0,2021
aaron,1,2022
almighty,1,2022
altar,0,2022
babylon,1,2022
burnt,1,2022
came,2,2022
christ,0,2022
city,5,2022
come,18,2022
commanded,0,2022
daughter,6,2022
daughters,0,2022
david,0,2022
day,14,2022
declares,2,2022
descendant,0,2022
doe,3,2022
father,2,2022
given,0,2022
goat,0,2022
god,12,2022
grain,0,2022
ha,8,2022
hand,4,2022
hear,5,2022
heart,0,2022
israel,11,2022
jeremiah,0,2022
jerusalem,8,2022
jesus,0,2022
judah,2,2022
king,5,2022
kingdom,0,2022
know,3,2022
lamb,0,2022
land,8,2022
let,5,2022
life,1,2022
like,24,2022
lord,40,2022
love,2,2022
male,0,2022
man,6,2022
men,5,2022
month,0,2022
moses,1,2022
mother,1,2022
mouth,1,2022
offering,0,2022
old,2,2022
people,18,2022
pharaoh,0,2022
praise,0,2022
priest,1,2022
prophet,4,2022
reign,1,2022
sacrifice,0,2022
said,3,2022
saw,1,2022
say,5,2022
says,4,2022
seen,0,2022
sent,1,2022
servant,0,2022
sin,6,2022
solomon,0,2022
son,2,2022
sovereign,1,2022
speak,1,2022
spirit,2,2022
taken,1,2022
tell,2,2022
thing,0,2022
tribe,0,2022
wa,0,2022
went,0,2022
wife,0,2022
word,3,2022
year,1,2022
aaron,0,2023
almighty,2,2023
altar,0,2023
babylon,0,2023
burnt,0,2023
came,0,2023
christ,0,2023
city,3,2023
come,2,2023
commanded,0,2023
daughter,0,2023
daughters,0,2023
david,0,2023
day,2,2023
declares,2,2023
descendant,1,2023
doe,0,2023
father,0,2023
given,1,2023
goat,0,2023
god,1,2023
grain,0,2023
ha,4,2023
hand,1,2023
hear,0,2023
heart,1,2023
israel,1,2023
jeremiah,0,2023
jerusalem,0,2023
jesus,0,2023
judah,2,2023
king,1,2023
kingdom,1,2023
know,1,2023
lamb,0,2023
land,2,2023
let,0,2023
life,0,2023
like,14,2023
lord,13,2023
love,0,2023
male,0,2023
man,0,2023
men,1,2023
month,0,2023
moses,0,2023
mother,0,2023
mouth,1,2023
offering,0,2023
old,0,2023
people,3,2023
pharaoh,0,2023
praise,0,2023
priest,0,2023
prophet,0,2023
reign,0,2023
sacrifice,0,2023
said,0,2023
saw,0,2023
say,1,2023
says,1,2023
seen,0,2023
sent,0,2023
servant,0,2023
sin,0,2023
solomon,0,2023
son,0,2023
sovereign,0,2023
speak,0,2023
spirit,0,2023
taken,1,2023
tell,0,2023
thing,0,2023
tribe,0,2023
wa,2,2023
went,2,2023
wife,0,2023
word,0,2023
year,0,2023
aaron,0,2024
almighty,1,2024
altar,0,2024
babylon,0,2024
burnt,0,2024
came,2,2024
christ,0,2024
city,3,2024
come,5,2024
commanded,0,2024
daughter,0,2024
daughters,0,2024
david,0,2024
day,3,2024
declares,0,2024
descendant,0,2024
doe,1,2024
father,0,2024
given,0,2024
goat,0,2024
god,4,2024
grain,0,2024
ha,2,2024
hand,2,2024
hear,0,2024
heart,1,2024
israel,0,2024
jeremiah,0,2024
jerusalem,0,2024
jesus,0,2024
judah,0,2024
king,1,2024
kingdom,0,2024
know,0,2024
lamb,0,2024
land,3,2024
let,1,2024
life,3,2024
like,9,2024
lord,12,2024
love,0,2024
male,0,2024
man,1,2024
men,2,2024
month,0,2024
moses,0,2024
mother,0,2024
mouth,0,2024
offering,0,2024
old,0,2024
people,4,2024
pharaoh,0,2024
praise,1,2024
priest,0,2024
prophet,2,2024
reign,0,2024
sacrifice,1,2024
said,0,2024
saw,2,2024
say,2,2024
says,0,2024
seen,0,2024
sent,0,2024
servant,0,2024
sin,0,2024
solomon,0,2024
son,0,2024
sovereign,1,2024
speak,1,2024
spirit,0,2024
taken,0,2024
tell,0,2024
thing,0,2024
tribe,0,2024
wa,3,2024
went,1,2024
wife,0,2024
word,0,2024
year,0,2024
aaron,0,2025
almighty,2,2025
altar,0,2025
babylon,0,2025
burnt,0,2025
came,1,2025
christ,0,2025
city,6,2025
come,3,2025
commanded,0,2025
daughter,2,2025
daughters,0,2025
david,0,2025
day,21,2025
declares,5,2025
descendant,0,2025
doe,4,2025
father,0,2025
given,0,2025
goat,0,2025
god,6,2025
grain,0,2025
ha,6,2025
hand,3,2025
hear,0,2025
heart,1,2025
israel,4,2025
jeremiah,0,2025
jerusalem,4,2025
jesus,0,2025
judah,3,2025
king,2,2025
kingdom,1,2025
know,1,2025
lamb,0,2025
land,8,2025
let,1,2025
life,0,2025
like,7,2025
lord,30,2025
love,1,2025
male,0,2025
man,1,2025
men,3,2025
month,0,2025
moses,0,2025
mother,0,2025
mouth,0,2025
offering,0,2025
old,0,2025
people,7,2025
pharaoh,0,2025
praise,2,2025
priest,1,2025
prophet,1,2025
reign,1,2025
sacrifice,2,2025
said,2,2025
saw,0,2025
say,2,2025
says,0,2025
seen,0,2025
sent,0,2025
servant,0,2025
sin,0,2025
solomon,0,2025
son,6,2025
sovereign,1,2025
speak,1,2025
spirit,0,2025
taken,1,2025
tell,0,2025
thing,0,2025
tribe,0,2025
wa,0,2025
went,0,2025
wife,0,2025
word,2,2025
year,0,2025
aaron,0,2026
almighty,14,2026
altar,0,2026
babylon,0,2026
burnt,0,2026
came,8,2026
christ,0,2026
city,0,2026
come,2,2026
commanded,0,2026
daughter,0,2026
daughters,0,2026
david,0,2026
day,11,2026
declares,12,2026
descendant,0,2026
doe,4,2026
father,0,2026
given,0,2026
goat,0,2026
god,3,2026
grain,1,2026
ha,1,2026
hand,1,2026
hear,0,2026
heart,0,2026
israel,0,2026
jeremiah,0,2026
jerusalem,0,2026
jesus,0,2026
judah,4,2026
king,2,2026
kingdom,0,2026
know,0,2026
lamb,0,2026
land,2,2026
let,0,2026
life,0,2026
like,2,2026
lord,31,2026
love,0,2026
male,0,2026
man,0,2026
men,1,2026
month,6,2026
moses,0,2026
mother,0,2026
mouth,0,2026
offering,0,2026
old,0,2026
people,8,2026
pharaoh,0,2026
praise,0,2026
priest,8,2026
prophet,5,2026
reign,0,2026
sacrifice,0,2026
said,2,2026
saw,1,2026
say,4,2026
says,6,2026
seen,0,2026
sent,1,2026
servant,1,2026
sin,0,2026
solomon,0,2026
son,10,2026
sovereign,0,2026
speak,1,2026
spirit,4,2026
taken,0,2026
tell,1,2026
thing,1,2026
tribe,0,2026
wa,2,2026
went,1,2026
wife,0,2026
word,5,2026
year,3,2026
aaron,0,2027
almighty,53,2027
altar,2,2027
babylon,2,2027
burnt,0,2027
came,11,2027
christ,0,2027
city,8,2027
come,13,2027
commanded,1,2027
daughter,4,2027
daughters,0,2027
david,6,2027
day,30,2027
declares,19,2027
descendant,0,2027
doe,0,2027
father,2,2027
given,3,2027
goat,0,2027
god,13,2027
grain,1,2027
ha,15,2027
hand,11,2027
hear,1,2027
heart,4,2027
israel,5,2027
jeremiah,0,2027
jerusalem,40,2027
jesus,0,2027
judah,23,2027
king,8,2027
kingdom,0,2027
know,6,2027
lamb,0,2027
land,22,2027
let,6,2027
life,0,2027
like,23,2027
lord,138,2027
love,2,2027
male,0,2027
man,13,2027
men,12,2027
month,9,2027
moses,0,2027
mother,1,2027
mouth,1,2027
offering,0,2027
old,1,2027
people,23,2027
pharaoh,0,2027
praise,1,2027
priest,5,2027
prophet,8,2027
reign,0,2027
sacrifice,1,2027
said,18,2027
saw,0,2027
say,15,2027
says,20,2027
seen,0,2027
sent,8,2027
servant,2,2027
sin,3,2027
solomon,0,2027
son,8,2027
sovereign,1,2027
speak,2,2027
spirit,7,2027
taken,2,2027
tell,4,2027
thing,3,2027
tribe,1,2027
wa,24,2027
went,2,2027
wife,1,2027
word,19,2027
year,5,2027
aaron,0,2028
almighty,24,2028
altar,3,2028
babylon,0,2028
burnt,0,2028
came,0,2028
christ,0,2028
city,0,2028
come,4,2028
commanded,0,2028
daughter,1,2028
daughters,0,2028
david,0,2028
day,7,2028
declares,0,2028
descendant,1,2028
doe,1,2028
father,5,2028
given,0,2028
goat,0,2028
god,9,2028
grain,0,2028
ha,5,2028
hand,0,2028
hear,0,2028
heart,4,2028
israel,5,2028
jeremiah,0,2028
jerusalem,2,2028
jesus,0,2028
judah,3,2028
king,1,2028
kingdom,0,2028
know,1,2028
lamb,0,2028
land,3,2028
let,0,2028
life,1,2028
like,5,2028
lord,47,2028
love,0,2028
male,1,2028
man,3,2028
men,2,2028
month,0,2028
moses,1,2028
mother,0,2028
mouth,2,2028
offering,8,2028
old,0,2028
people,2,2028
pharaoh,0,2028
praise,0,2028
priest,1,2028
prophet,1,2028
reign,0,2028
sacrifice,3,2028
said,3,2028
saw,0,2028
say,26,2028
says,2,2028
seen,0,2028
sent,1,2028
servant,2,2028
sin,1,2028
solomon,0,2028
son,2,2028
sovereign,0,2028
speak,0,2028
spirit,3,2028
taken,0,2028
tell,0,2028
thing,3,2028
tribe,0,2028
wa,5,2028
went,0,2028
wife,3,2028
word,1,2028
year,0,2028
aaron,0,2029
almighty,0,2029
altar,6,2029
babylon,3,2029
burnt,0,2029
came,90,2029
christ,17,2029
city,13,2029
come,81,2029
commanded,4,2029
daughter,8,2029
daughters,0,2029
david,16,2029
day,47,2029
declares,0,2029
descendant,1,2029
doe,18,2029
father,99,2029
given,17,2029
goat,1,2029
god,49,2029
grain,1,2029
ha,56,2029
hand,32,2029
hear,16,2029
heart,17,2029
israel,12,2029
jeremiah,3,2029
jerusalem,13,2029
jesus,212,2029
judah,4,2029
king,21,2029
kingdom,55,2029
know,27,2029
lamb,0,2029
land,9,2029
let,28,2029
life,21,2029
like,35,2029
lord,50,2029
love,17,2029
male,1,2029
man,110,2029
men,47,2029
month,0,2029
moses,7,2029
mother,28,2029
mouth,8,2029
offering,1,2029
old,4,2029
people,46,2029
pharaoh,0,2029
praise,3,2029
priest,27,2029
prophet,32,2029
reign,0,2029
sacrifice,2,2029
said,162,2029
saw,36,2029
say,48,2029
says,4,2029
seen,6,2029
sent,19,2029
servant,38,2029
sin,14,2029
solomon,4,2029
son,90,2029
sovereign,0,2029
speak,7,2029
spirit,19,2029
taken,10,2029
tell,83,2029
thing,24,2029
tribe,1,2029
wa,158,2029
went,82,2029
wife,16,2029
word,21,2029
year,2,2029
aaron,0,2030
almighty,0,2030
altar,0,2030
babylon,0,2030
burnt,1,2030
came,58,2030
christ,8,2030
city,4,2030
come,52,2030
commanded,2,2030
daughter,7,2030
daughters,0,2030
david,6,2030
day,26,2030
declares,0,2030
descendant,0,2030
doe,14,2030
father,17,2030
given,10,2030
goat,0,2030
god,50,2030
grain,3,2030
ha,37,2030
hand,28,2030
hear,15,2030
heart,8,2030
israel,2,2030
jeremiah,0,2030
jerusalem,11,2030
jesus,202,2030
judah,0,2030
king,11,2030
kingdom,20,2030
know,21,2030
lamb,1,2030
land,2,2030
let,24,2030
life,9,2030
like,20,2030
lord,17,2030
love,6,2030
male,1,2030
man,79,2030
men,20,2030
month,1,2030
moses,9,2030
mother,18,2030
mouth,2,2030
offering,2,2030
old,4,2030
people,45,2030
pharaoh,0,2030
praise,0,2030
priest,20,2030
prophet,6,2030
reign,0,2030
sacrifice,2,2030
said,125,2030
saw,32,2030
say,30,2030
says,0,2030
seen,5,2030
sent,18,2030
servant,8,2030
sin,9,2030
solomon,0,2030
son,38,2030
sovereign,0,2030
speak,5,2030
spirit,23,2030
taken,4,2030
tell,30,2030
thing,16,2030
tribe,0,2030
wa,104,2030
went,57,2030
wife,7,2030
word,15,2030
year,1,2030
aaron,1,2031
almighty,0,2031
altar,2,2031
babylon,0,2031
burnt,0,2031
came,70,2031
christ,12,2031
city,6,2031
come,82,2031
commanded,2,2031
daughter,7,2031
daughters,1,2031
david,13,2031
day,58,2031
declares,1,2031
descendant,3,2031
doe,22,2031
father,50,2031
given,16,2031
goat,1,2031
god,118,2031
grain,3,2031
ha,94,2031
hand,30,2031
hear,22,2031
heart,16,2031
israel,12,2031
jeremiah,0,2031
jerusalem,32,2031
jesus,222,2031
judah,2,2031
king,15,2031
kingdom,44,2031
know,31,2031
lamb,2,2031
land,3,2031
let,19,2031
life,20,2031
like,32,2031
lord,74,2031
love,17,2031
male,1,2031
man,125,2031
men,43,2031
month,4,2031
moses,10,2031
mother,18,2031
mouth,3,2031
offering,0,2031
old,10,2031
people,82,2031
pharaoh,0,2031
praise,5,2031
priest,16,2031
prophet,24,2031
reign,2,2031
sacrifice,2,2031
said,200,2031
saw,39,2031
say,51,2031
says,8,2031
seen,11,2031
sent,36,2031
servant,37,2031
sin,10,2031
solomon,2,2031
son,147,2031
sovereign,1,2031
speak,11,2031
spirit,33,2031
taken,13,2031
tell,67,2031
thing,39,2031
tribe,2,2031
wa,231,2031
went,68,2031
wife,12,2031
word,23,2031
year,11,2031
aaron,0,2032
almighty,0,2032
altar,0,2032
babylon,0,2032
burnt,0,2032
came,50,2032
christ,19,2032
city,1,2032
come,95,2032
commanded,4,2032
daughter,1,2032
daughters,0,2032
david,1,2032
day,33,2032
declares,0,2032
descendant,1,2032
doe,28,2032
father,121,2032
given,27,2032
goat,0,2032
god,76,2032
grain,0,2032
ha,84,2032
hand,12,2032
hear,10,2032
heart,4,2032
israel,3,2032
jeremiah,0,2032
jerusalem,13,2032
jesus,275,2032
judah,0,2032
king,16,2032
kingdom,4,2032
know,86,2032
lamb,2,2032
land,0,2032
let,15,2032
life,52,2032
like,6,2032
lord,39,2032
love,35,2032
male,0,2032
man,97,2032
men,13,2032
month,1,2032
moses,13,2032
mother,9,2032
mouth,0,2032
offering,2,2032
old,3,2032
people,25,2032
pharaoh,0,2032
praise,5,2032
priest,19,2032
prophet,11,2032
reign,0,2032
sacrifice,0,2032
said,200,2032
saw,33,2032
say,35,2032
says,3,2032
seen,24,2032
sent,55,2032
servant,9,2032
sin,15,2032
solomon,0,2032
son,63,2032
sovereign,0,2032
speak,12,2032
spirit,24,2032
taken,7,2032
tell,45,2032
thing,22,2032
tribe,0,2032
wa,188,2032
went,49,2032
wife,1,2032
word,38,2032
year,5,2032
aaron,1,2033
almighty,0,2033
altar,1,2033
babylon,1,2033
burnt,0,2033
came,61,2033
christ,24,2033
city,44,2033
come,38,2033
commanded,5,2033
daughter,3,2033
daughters,0,2033
david,10,2033
day,82,2033
declares,0,2033
descendant,4,2033
doe,8,2033
father,28,2033
given,7,2033
goat,0,2033
god,160,2033
grain,2,2033
ha,58,2033
hand,35,2033
hear,17,2033
heart,17,2033
israel,17,2033
jeremiah,0,2033
jerusalem,59,2033
jesus,74,2033
judah,0,2033
king,20,2033
kingdom,8,2033
know,37,2033
lamb,1,2033
land,13,2033
let,22,2033
life,16,2033
like,13,2033
lord,102,2033
love,0,2033
male,0,2033
man,71,2033
men,103,2033
month,2,2033
moses,23,2033
mother,3,2033
mouth,7,2033
offering,3,2033
old,3,2033
people,91,2033
pharaoh,2,2033
praise,1,2033
priest,23,2033
prophet,22,2033
reign,1,2033
sacrifice,3,2033
said,135,2033
saw,34,2033
say,16,2033
says,3,2033
seen,14,2033
sent,43,2033
servant,11,2033
sin,8,2033
solomon,1,2033
son,15,2033
sovereign,1,2033
speak,25,2033
spirit,67,2033
taken,15,2033
tell,14,2033
thing,8,2033
tribe,2,2033
wa,243,2033
went,78,2033
wife,5,2033
word,37,2033
year,12,2033
aaron,0,2034
almighty,1,2034
altar,0,2034
babylon,0,2034
burnt,0,2034
came,4,2034
christ,65,2034
city,0,2034
come,17,2034
commanded,0,2034
daughter,0,2034
daughters,0,2034
david,3,2034
day,9,2034
declares,1,2034
descendant,3,2034
doe,24,2034
father,13,2034
given,6,2034
goat,0,2034
god,129,2034
grain,0,2034
ha,41,2034
hand,2,2034
hear,4,2034
heart,13,2034
israel,12,2034
jeremiah,0,2034
jerusalem,4,2034
jesus,36,2034
judah,0,2034
king,0,2034
kingdom,1,2034
know,21,2034
lamb,0,2034
land,0,2034
let,14,2034
life,26,2034
like,8,2034
lord,44,2034
love,15,2034
male,0,2034
man,38,2034
men,13,2034
month,0,2034
moses,4,2034
mother,2,2034
mouth,6,2034
offering,2,2034
old,2,2034
people,16,2034
pharaoh,1,2034
praise,5,2034
priest,0,2034
prophet,3,2034
reign,3,2034
sacrifice,1,2034
said,5,2034
saw,0,2034
say,23,2034
says,10,2034
seen,2,2034
sent,1,2034
servant,6,2034
sin,52,2034
solomon,0,2034
son,10,2034
sovereign,0,2034
speak,3,2034
spirit,34,2034
taken,1,2034
tell,1,2034
thing,13,2034
tribe,1,2034
wa,49,2034
went,0,2034
wife,0,2034
word,8,2034
year,2,2034
aaron,0,2035
almighty,0,2035
altar,3,2035
babylon,0,2035
burnt,0,2035
came,7,2035
christ,60,2035
city,0,2035
come,29,2035
commanded,1,2035
daughter,0,2035
daughters,0,2035
david,0,2035
day,6,2035
declares,0,2035
descendant,0,2035
doe,28,2035
father,4,2035
given,10,2035
goat,0,2035
god,93,2035
grain,1,2035
ha,62,2035
hand,5,2035
hear,1,2035
heart,2,2035
israel,1,2035
jeremiah,0,2035
jerusalem,1,2035
jesus,26,2035
judah,0,2035
king,2,2035
kingdom,5,2035
know,32,2035
lamb,1,2035
land,0,2035
let,8,2035
life,8,2035
like,13,2035
lord,59,2035
love,18,2035
male,1,2035
man,59,2035
men,21,2035
month,0,2035
moses,2,2035
mother,0,2035
mouth,0,2035
offering,0,2035
old,2,2035
people,11,2035
pharaoh,0,2035
praise,4,2035
priest,0,2035
prophet,3,2035
reign,1,2035
sacrifice,4,2035
said,3,2035
saw,0,2035
say,23,2035
says,5,2035
seen,2,2035
sent,0,2035
servant,1,2035
sin,9,2035
solomon,0,2035
son,3,2035
sovereign,0,2035
speak,18,2035
spirit,38,2035
taken,1,2035
tell,2,2035
thing,24,2035
tribe,0,2035
wa,30,2035
went,0,2035
wife,16,2035
word,10,2035
year,1,2035
aaron,0,2036
almighty,1,2036
altar,0,2036
babylon,0,2036
burnt,0,2036
came,5,2036
christ,43,2036
city,2,2036
come,15,2036
commanded,0,2036
daughter,0,2036
daughters,1,2036
david,0,2036
day,8,2036
declares,0,2036
descendant,0,2036
doe,2,2036
father,5,2036
given,7,2036
goat,0,2036
god,70,2036
grain,0,2036
ha,26,2036
hand,1,2036
hear,0,2036
heart,13,2036
israel,0,2036
jeremiah,0,2036
jerusalem,0,2036
jesus,18,2036
judah,0,2036
king,1,2036
kingdom,0,2036
know,15,2036
lamb,0,2036
land,0,2036
let,5,2036
life,8,2036
like,5,2036
lord,29,2036
love,13,2036
male,0,2036
man,4,2036
men,8,2036
month,0,2036
moses,3,2036
mother,0,2036
mouth,0,2036
offering,1,2036
old,2,2036
people,7,2036
pharaoh,0,2036
praise,2,2036
priest,0,2036
prophet,0,2036
reign,0,2036
sacrifice,0,2036
said,7,2036
saw,0,2036
say,8,2036
says,1,2036
seen,3,2036
sent,3,2036
servant,5,2036
sin,6,2036
solomon,0,2036
son,2,2036
sovereign,0,2036
speak,3,2036
spirit,16,2036
taken,2,2036
tell,2,2036
thing,8,2036
tribe,0,2036
wa,32,2036
went,2,2036
wife,0,2036
word,2,2036
year,3,2036
aaron,0,2037
almighty,0,2037
altar,0,2037
babylon,0,2037
burnt,0,2037
came,3,2037
christ,38,2037
city,1,2037
come,6,2037
commanded,0,2037
daughter,0,2037
daughters,0,2037
david,0,2037
day,1,2037
declares,1,2037
descendant,0,2037
doe,10,2037
father,5,2037
given,6,2037
goat,0,2037
god,30,2037
grain,0,2037
ha,10,2037
hand,2,2037
hear,0,2037
heart,0,2037
israel,1,2037
jeremiah,0,2037
jerusalem,5,2037
jesus,17,2037
judah,0,2037
king,0,2037
kingdom,1,2037
know,5,2037
lamb,0,2037
land,0,2037
let,11,2037
life,6,2037
like,8,2037
lord,4,2037
love,4,2037
male,1,2037
man,10,2037
men,6,2037
month,1,2037
moses,0,2037
mother,1,2037
mouth,0,2037
offering,0,2037
old,0,2037
people,4,2037
pharaoh,0,2037
praise,0,2037
priest,0,2037
prophet,0,2037
reign,0,2037
sacrifice,0,2037
said,2,2037
saw,3,2037
say,4,2037
says,1,2037
seen,0,2037
sent,2,2037
servant,1,2037
sin,4,2037
solomon,0,2037
son,14,2037
sovereign,0,2037
speak,0,2037
spirit,18,2037
taken,1,2037
tell,2,2037
thing,7,2037
tribe,0,2037
wa,28,2037
went,5,2037
wife,0,2037
word,1,2037
year,2,2037
aaron,0,2038
almighty,0,2038
altar,0,2038
babylon,0,2038
burnt,0,2038
came,1,2038
christ,49,2038
city,0,2038
come,5,2038
commanded,0,2038
daughter,0,2038
daughters,0,2038
david,0,2038
day,3,2038
declares,0,2038
descendant,0,2038
doe,3,2038
father,10,2038
given,8,2038
goat,0,2038
god,31,2038
grain,0,2038
ha,8,2038
hand,2,2038
hear,0,2038
heart,5,2038
israel,2,2038
jeremiah,0,2038
jerusalem,0,2038
jesus,20,2038
judah,0,2038
king,0,2038
kingdom,2,2038
know,8,2038
lamb,0,2038
land,0,2038
let,3,2038
life,6,2038
like,4,2038
lord,22,2038
love,19,2038
male,0,2038
man,3,2038
men,5,2038
month,0,2038
moses,0,2038
mother,1,2038
mouth,1,2038
offering,1,2038
old,1,2038
people,4,2038
pharaoh,0,2038
praise,4,2038
priest,0,2038
prophet,0,2038
reign,0,2038
sacrifice,1,2038
said,1,2038
saw,0,2038
say,0,2038
says,1,2038
seen,0,2038
sent,0,2038
servant,2,2038
sin,1,2038
solomon,0,2038
son,2,2038
sovereign,0,2038
speak,2,2038
spirit,12,2038
taken,0,2038
tell,2,2038
thing,4,2038
tribe,0,2038
wa,7,2038
went,0,2038
wife,7,2038
word,4,2038
year,0,2038
aaron,0,2039
almighty,0,2039
altar,0,2039
babylon,0,2039
burnt,0,2039
came,0,2039
christ,36,2039
city,0,2039
come,5,2039
commanded,0,2039
daughter,0,2039
daughters,0,2039
david,0,2039
day,6,2039
declares,0,2039
descendant,0,2039
doe,1,2039
father,4,2039
given,1,2039
goat,0,2039
god,24,2039
grain,0,2039
ha,9,2039
hand,0,2039
hear,2,2039
heart,2,2039
israel,1,2039
jeremiah,0,2039
jerusalem,0,2039
jesus,22,2039
judah,0,2039
king,0,2039
kingdom,0,2039
know,10,2039
lamb,0,2039
land,0,2039
let,2,2039
life,3,2039
like,6,2039
lord,15,2039
love,5,2039
male,0,2039
man,2,2039
men,2,2039
month,0,2039
moses,0,2039
mother,0,2039
mouth,0,2039
offering,2,2039
old,0,2039
people,1,2039
pharaoh,0,2039
praise,1,2039
priest,0,2039
prophet,0,2039
reign,0,2039
sacrifice,2,2039
said,0,2039
saw,1,2039
say,2,2039
says,0,2039
seen,1,2039
sent,3,2039
servant,2,2039
sin,0,2039
solomon,0,2039
son,1,2039
sovereign,0,2039
speak,1,2039
spirit,6,2039
taken,1,2039
tell,0,2039
thing,4,2039
tribe,1,2039
wa,6,2039
went,0,2039
wife,0,2039
word,2,2039
year,0,2039
aaron,0,2040
almighty,0,2040
altar,0,2040
babylon,0,2040
burnt,0,2040
came,0,2040
christ,27,2040
city,0,2040
come,3,2040
commanded,0,2040
daughter,0,2040
daughters,0,2040
david,0,2040
day,3,2040
declares,0,2040
descendant,0,2040
doe,2,2040
father,4,2040
given,1,2040
goat,0,2040
god,23,2040
grain,0,2040
ha,11,2040
hand,3,2040
hear,0,2040
heart,5,2040
israel,0,2040
jeremiah,0,2040
jerusalem,0,2040
jesus,7,2040
judah,0,2040
king,0,2040
kingdom,3,2040
know,6,2040
lamb,0,2040
land,0,2040
let,5,2040
life,5,2040
like,0,2040
lord,13,2040
love,6,2040
male,0,2040
man,0,2040
men,2,2040
month,0,2040
moses,0,2040
mother,0,2040
mouth,0,2040
offering,0,2040
old,1,2040
people,1,2040
pharaoh,0,2040
praise,0,2040
priest,0,2040
prophet,0,2040
reign,0,2040
sacrifice,0,2040
said,0,2040
saw,0,2040
say,0,2040
says,0,2040
seen,1,2040
sent,0,2040
servant,5,2040
sin,1,2040
solomon,0,2040
son,1,2040
sovereign,0,2040
speak,0,2040
spirit,2,2040
taken,1,2040
tell,4,2040
thing,10,2040
tribe,0,2040
wa,3,2040
went,0,2040
wife,1,2040
word,4,2040
year,0,2040
aaron,0,2041
almighty,0,2041
altar,0,2041
babylon,0,2041
burnt,0,2041
came,1,2041
christ,10,2041
city,0,2041
come,8,2041
commanded,0,2041
daughter,0,2041
daughters,0,2041
david,0,2041
day,6,2041
declares,0,2041
descendant,0,2041
doe,3,2041
father,5,2041
given,1,2041
goat,0,2041
god,33,2041
grain,0,2041
ha,6,2041
hand,0,2041
hear,0,2041
heart,1,2041
israel,0,2041
jeremiah,0,2041
jerusalem,0,2041
jesus,15,2041
judah,0,2041
king,0,2041
kingdom,1,2041
know,11,2041
lamb,0,2041
land,0,2041
let,3,2041
life,5,2041
like,6,2041
lord,22,2041
love,8,2041
male,0,2041
man,1,2041
men,7,2041
month,0,2041
moses,0,2041
mother,1,2041
mouth,0,2041
offering,0,2041
old,0,2041
people,1,2041
pharaoh,0,2041
praise,1,2041
priest,0,2041
prophet,1,2041
reign,0,2041
sacrifice,0,2041
said,0,2041
saw,0,2041
say,1,2041
says,0,2041
seen,0,2041
sent,2,2041
servant,0,2041
sin,1,2041
solomon,0,2041
son,3,2041
sovereign,0,2041
speak,1,2041
spirit,4,2041
taken,0,2041
tell,3,2041
thing,1,2041
tribe,0,2041
wa,2,2041
went,0,2041
wife,0,2041
word,4,2041
year,0,2041
aaron,0,2042
almighty,0,2042
altar,0,2042
babylon,0,2042
burnt,0,2042
came,0,2042
christ,9,2042
city,0,2042
come,4,2042
commanded,0,2042
daughter,0,2042
daughters,0,2042
david,0,2042
day,4,2042
declares,0,2042
descendant,0,2042
doe,2,2042
father,3,2042
given,0,2042
goat,0,2042
god,14,2042
grain,0,2042
ha,3,2042
hand,1,2042
hear,1,2042
heart,2,2042
israel,0,2042
jeremiah,0,2042
jerusalem,0,2042
jesus,13,2042
judah,0,2042
king,0,2042
kingdom,1,2042
know,3,2042
lamb,0,2042
land,0,2042
let,1,2042
life,0,2042
like,0,2042
lord,22,2042
love,3,2042
male,0,2042
man,3,2042
men,1,2042
month,0,2042
moses,0,2042
mother,0,2042
mouth,2,2042
offering,0,2042
old,0,2042
people,2,2042
pharaoh,0,2042
praise,0,2042
priest,0,2042
prophet,0,2042
reign,0,2042
sacrifice,0,2042
said,0,2042
saw,0,2042
say,0,2042
says,0,2042
seen,0,2042
sent,0,2042
servant,0,2042
sin,0,2042
solomon,0,2042
son,0,2042
sovereign,0,2042
speak,0,2042
spirit,1,2042
taken,1,2042
tell,1,2042
thing,1,2042
tribe,0,2042
wa,2,2042
went,0,2042
wife,0,2042
word,2,2042
year,0,2042
aaron,0,2043
almighty,0,2043
altar,0,2043
babylon,0,2043
burnt,0,2043
came,1,2043
christ,15,2043
city,0,2043
come,6,2043
commanded,0,2043
daughter,0,2043
daughters,0,2043
david,0,2043
day,1,2043
declares,0,2043
descendant,0,2043
doe,3,2043
father,3,2043
given,4,2043
goat,0,2043
god,21,2043
grain,1,2043
ha,9,2043
hand,2,2043
hear,0,2043
heart,2,2043
israel,0,2043
jeremiah,0,2043
jerusalem,0,2043
jesus,14,2043
judah,0,2043
king,4,2043
kingdom,0,2043
know,6,2043
lamb,0,2043
land,0,2043
let,3,2043
life,12,2043
like,0,2043
lord,6,2043
love,6,2043
male,0,2043
man,5,2043
men,10,2043
month,0,2043
moses,0,2043
mother,0,2043
mouth,0,2043
offering,0,2043
old,1,2043
people,5,2043
pharaoh,0,2043
praise,0,2043
priest,0,2043
prophet,0,2043
reign,0,2043
sacrifice,0,2043
said,0,2043
saw,0,2043
say,1,2043
says,1,2043
seen,2,2043
sent,0,2043
servant,0,2043
sin,4,2043
solomon,0,2043
son,2,2043
sovereign,0,2043
speak,0,2043
spirit,3,2043
taken,1,2043
tell,0,2043
thing,4,2043
tribe,0,2043
wa,15,2043
went,1,2043
wife,3,2043
word,2,2043
year,0,2043
aaron,0,2044
almighty,0,2044
altar,0,2044
babylon,0,2044
burnt,0,2044
came,1,2044
christ,13,2044
city,0,2044
come,5,2044
commanded,0,2044
daughter,0,2044
daughters,0,2044
david,1,2044
day,3,2044
declares,0,2044
descendant,0,2044
doe,2,2044
father,1,2044
given,1,2044
goat,0,2044
god,12,2044
grain,0,2044
ha,12,2044
hand,0,2044
hear,2,2044
heart,1,2044
israel,0,2044
jeremiah,0,2044
jerusalem,0,2044
jesus,13,2044
judah,0,2044
king,0,2044
kingdom,2,2044
know,7,2044
lamb,0,2044
land,0,2044
let,0,2044
life,6,2044
like,4,2044
lord,15,2044
love,5,2044
male,0,2044
man,2,2044
men,5,2044
month,0,2044
moses,1,2044
mother,1,2044
mouth,1,2044
offering,1,2044
old,0,2044
people,1,2044
pharaoh,0,2044
praise,0,2044
priest,0,2044
prophet,0,2044
reign,1,2044
sacrifice,0,2044
said,0,2044
saw,0,2044
say,3,2044
says,0,2044
seen,0,2044
sent,1,2044
servant,1,2044
sin,1,2044
solomon,0,2044
son,2,2044
sovereign,0,2044
speak,0,2044
spirit,4,2044
taken,2,2044
tell,0,2044
thing,2,2044
tribe,0,2044
wa,6,2044
went,0,2044
wife,0,2044
word,3,2044
year,0,2044
aaron,0,2045
almighty,0,2045
altar,0,2045
babylon,0,2045
burnt,0,2045
came,0,2045
christ,4,2045
city,0,2045
come,1,2045
commanded,0,2045
daughter,0,2045
daughters,0,2045
david,0,2045
day,0,2045
declares,0,2045
descendant,0,2045
doe,1,2045
father,1,2045
given,1,2045
goat,0,2045
god,11,2045
grain,0,2045
ha,3,2045
hand,0,2045
hear,0,2045
heart,0,2045
israel,0,2045
jeremiah,0,2045
jerusalem,0,2045
jesus,4,2045
judah,0,2045
king,0,2045
kingdom,0,2045
know,1,2045
lamb,0,2045
land,0,2045
let,1,2045
life,3,2045
like,0,2045
lord,0,2045
love,5,2045
male,0,2045
man,2,2045
men,4,2045
month,0,2045
moses,0,2045
mother,0,2045
mouth,0,2045
offering,0,2045
old,0,2045
people,4,2045
pharaoh,0,2045
praise,0,2045
priest,0,2045
prophet,1,2045
reign,0,2045
sacrifice,0,2045
said,1,2045
saw,0,2045
say,2,2045
says,0,2045
seen,0,2045
sent,0,2045
servant,1,2045
sin,0,2045
solomon,0,2045
son,1,2045
sovereign,0,2045
speak,0,2045
spirit,1,2045
taken,0,2045
tell,0,2045
thing,5,2045
tribe,0,2045
wa,2,2045
went,0,2045
wife,1,2045
word,2,2045
year,0,2045
aaron,0,2046
almighty,0,2046
altar,0,2046
babylon,0,2046
burnt,0,2046
came,0,2046
christ,8,2046
city,0,2046
come,0,2046
commanded,0,2046
daughter,0,2046
daughters,0,2046
david,0,2046
day,0,2046
declares,0,2046
descendant,0,2046
doe,0,2046
father,1,2046
given,1,2046
goat,0,2046
god,2,2046
grain,0,2046
ha,3,2046
hand,1,2046
hear,1,2046
heart,2,2046
israel,0,2046
jeremiah,0,2046
jerusalem,0,2046
jesus,6,2046
judah,0,2046
king,0,2046
kingdom,0,2046
know,0,2046
lamb,0,2046
land,0,2046
let,0,2046
life,0,2046
like,0,2046
lord,5,2046
love,3,2046
male,0,2046
man,2,2046
men,0,2046
month,0,2046
moses,0,2046
mother,0,2046
mouth,0,2046
offering,0,2046
old,1,2046
people,0,2046
pharaoh,0,2046
praise,0,2046
priest,0,2046
prophet,0,2046
reign,0,2046
sacrifice,0,2046
said,0,2046
saw,0,2046
say,0,2046
says,0,2046
seen,0,2046
sent,0,2046
servant,0,2046
sin,0,2046
solomon,0,2046
son,2,2046
sovereign,0,2046
speak,0,2046
spirit,1,2046
taken,0,2046
tell,0,2046
thing,2,2046
tribe,0,2046
wa,4,2046
went,0,2046
wife,0,2046
word,0,2046
year,0,2046
aaron,2,2047
almighty,0,2047
altar,3,2047
babylon,0,2047
burnt,2,2047
came,4,2047
christ,15,2047
city,6,2047
come,14,2047
commanded,2,2047
daughter,1,2047
daughters,0,2047
david,2,2047
day,13,2047
declares,3,2047
descendant,2,2047
doe,1,2047
father,10,2047
given,3,2047
goat,3,2047
god,83,2047
grain,0,2047
ha,40,2047
hand,7,2047
hear,3,2047
heart,10,2047
israel,3,2047
jeremiah,0,2047
jerusalem,1,2047
jesus,19,2047
judah,2,2047
king,5,2047
kingdom,2,2047
know,6,2047
lamb,0,2047
land,4,2047
let,17,2047
life,11,2047
like,11,2047
lord,15,2047
love,3,2047
male,0,2047
man,11,2047
men,11,2047
month,1,2047
moses,11,2047
mother,1,2047
mouth,1,2047
offering,6,2047
old,1,2047
people,21,2047
pharaoh,0,2047
praise,0,2047
priest,32,2047
prophet,1,2047
reign,0,2047
sacrifice,19,2047
said,21,2047
saw,4,2047
say,10,2047
says,9,2047
seen,2,2047
sent,1,2047
servant,2,2047
sin,20,2047
solomon,0,2047
son,21,2047
sovereign,0,2047
speak,1,2047
spirit,11,2047
taken,3,2047
tell,1,2047
thing,14,2047
tribe,3,2047
wa,63,2047
went,4,2047
wife,0,2047
word,11,2047
year,6,2047
aaron,0,2048
almighty,1,2048
altar,1,2048
babylon,0,2048
burnt,0,2048
came,0,2048
christ,2,2048
city,1,2048
come,9,2048
commanded,0,2048
daughter,0,2048
daughters,0,2048
david,0,2048
day,1,2048
declares,0,2048
descendant,0,2048
doe,8,2048
father,3,2048
given,1,2048
goat,0,2048
god,16,2048
grain,0,2048
ha,9,2048
hand,0,2048
hear,0,2048
heart,0,2048
israel,0,2048
jeremiah,0,2048
jerusalem,0,2048
jesus,2,2048
judah,0,2048
king,0,2048
kingdom,1,2048
know,6,2048
lamb,0,2048
land,2,2048
let,3,2048
life,5,2048
like,7,2048
lord,11,2048
love,3,2048
male,0,2048
man,17,2048
men,2,2048
month,0,2048
moses,0,2048
mother,0,2048
mouth,2,2048
offering,0,2048
old,0,2048
people,2,2048
pharaoh,0,2048
praise,3,2048
priest,0,2048
prophet,1,2048
reign,0,2048
sacrifice,0,2048
said,2,2048
saw,0,2048
say,9,2048
says,4,2048
seen,1,2048
sent,1,2048
servant,1,2048
sin,4,2048
solomon,0,2048
son,1,2048
sovereign,0,2048
speak,2,2048
spirit,2,2048
taken,0,2048
tell,0,2048
thing,0,2048
tribe,1,2048
wa,7,2048
went,0,2048
wife,0,2048
word,4,2048
year,1,2048
aaron,0,2049
almighty,0,2049
altar,0,2049
babylon,1,2049
burnt,0,2049
came,0,2049
christ,21,2049
city,0,2049
come,4,2049
commanded,0,2049
daughter,1,2049
daughters,0,2049
david,0,2049
day,3,2049
declares,0,2049
descendant,0,2049
doe,2,2049
father,3,2049
given,2,2049
goat,0,2049
god,31,2049
grain,0,2049
ha,5,2049
hand,1,2049
hear,0,2049
heart,2,2049
israel,0,2049
jeremiah,0,2049
jerusalem,0,2049
jesus,9,2049
judah,0,2049
king,2,2049
kingdom,0,2049
know,2,2049
lamb,1,2049
land,0,2049
let,0,2049
life,6,2049
like,7,2049
lord,6,2049
love,9,2049
male,0,2049
man,1,2049
men,8,2049
month,0,2049
moses,0,2049
mother,0,2049
mouth,1,2049
offering,1,2049
old,0,2049
people,5,2049
pharaoh,0,2049
praise,4,2049
priest,0,2049
prophet,0,2049
reign,0,2049
sacrifice,1,2049
said,0,2049
saw,0,2049
say,0,2049
says,1,2049
seen,1,2049
sent,2,2049
servant,1,2049
sin,5,2049
solomon,0,2049
son,1,2049
sovereign,0,2049
speak,1,2049
spirit,8,2049
taken,0,2049
tell,0,2049
thing,4,2049
tribe,0,2049
wa,11,2049
went,1,2049
wife,0,2049
word,6,2049
year,0,2049
aaron,0,2050
almighty,0,2050
altar,0,2050
babylon,0,2050
burnt,0,2050
came,3,2050
christ,8,2050
city,1,2050
come,3,2050
commanded,0,2050
daughter,0,2050
daughters,0,2050
david,0,2050
day,11,2050
declares,0,2050
descendant,0,2050
doe,1,2050
father,2,2050
given,3,2050
goat,0,2050
god,7,2050
grain,0,2050
ha,9,2050
hand,0,2050
hear,0,2050
heart,0,2050
israel,0,2050
jeremiah,0,2050
jerusalem,0,2050
jesus,9,2050
judah,0,2050
king,0,2050
kingdom,1,2050
know,4,2050
lamb,0,2050
land,0,2050
let,0,2050
life,3,2050
like,5,2050
lord,14,2050
love,2,2050
male,0,2050
man,4,2050
men,8,2050
month,0,2050
moses,0,2050
mother,0,2050
mouth,1,2050
offering,0,2050
old,0,2050
people,5,2050
pharaoh,0,2050
praise,0,2050
priest,0,2050
prophet,3,2050
reign,0,2050
sacrifice,0,2050
said,0,2050
saw,1,2050
say,1,2050
says,0,2050
seen,0,2050
sent,1,2050
servant,1,2050
sin,0,2050
solomon,0,2050
son,2,2050
sovereign,1,2050
speak,0,2050
spirit,1,2050
taken,0,2050
tell,0,2050
thing,2,2050
tribe,0,2050
wa,6,2050
went,0,2050
wife,0,2050
word,5,2050
year,1,2050
aaron,0,2051
almighty,0,2051
altar,0,2051
babylon,0,2051
burnt,0,2051
came,1,2051
christ,9,2051
city,0,2051
come,7,2051
commanded,1,2051
daughter,0,2051
daughters,0,2051
david,0,2051
day,1,2051
declares,0,2051
descendant,0,2051
doe,23,2051
father,13,2051
given,6,2051
goat,0,2051
god,61,2051
grain,0,2051
ha,38,2051
hand,1,2051
hear,0,2051
heart,4,2051
israel,0,2051
jeremiah,0,2051
jerusalem,0,2051
jesus,12,2051
judah,0,2051
king,0,2051
kingdom,0,2051
know,36,2051
lamb,0,2051
land,0,2051
let,3,2051
life,24,2051
like,3,2051
lord,0,2051
love,41,2051
male,0,2051
man,5,2051
men,2,2051
month,0,2051
moses,0,2051
mother,0,2051
mouth,0,2051
offering,0,2051
old,2,2051
people,0,2051
pharaoh,0,2051
praise,0,2051
priest,0,2051
prophet,1,2051
reign,0,2051
sacrifice,2,2051
said,0,2051
saw,0,2051
say,0,2051
says,2,2051
seen,9,2051
sent,3,2051
servant,0,2051
sin,18,2051
solomon,0,2051
son,22,2051
sovereign,0,2051
speak,1,2051
spirit,13,2051
taken,0,2051
tell,0,2051
thing,3,2051
tribe,0,2051
wa,4,2051
went,1,2051
wife,0,2051
word,5,2051
year,0,2051
aaron,0,2052
almighty,0,2052
altar,0,2052
babylon,0,2052
burnt,0,2052
came,0,2052
christ,3,2052
city,0,2052
come,1,2052
commanded,1,2052
daughter,0,2052
daughters,0,2052
david,0,2052
day,0,2052
declares,0,2052
descendant,0,2052
doe,3,2052
father,3,2052
given,1,2052
goat,0,2052
god,2,2052
grain,0,2052
ha,2,2052
hand,0,2052
hear,0,2052
heart,0,2052
israel,0,2052
jeremiah,0,2052
jerusalem,0,2052
jesus,2,2052
judah,0,2052
king,0,2052
kingdom,0,2052
know,1,2052
lamb,0,2052
land,0,2052
let,0,2052
life,1,2052
like,0,2052
lord,0,2052
love,5,2052
male,0,2052
man,0,2052
men,0,2052
month,0,2052
moses,0,2052
mother,0,2052
mouth,0,2052
offering,0,2052
old,0,2052
people,0,2052
pharaoh,0,2052
praise,0,2052
priest,0,2052
prophet,0,2052
reign,0,2052
sacrifice,0,2052
said,0,2052
saw,0,2052
say,0,2052
says,0,2052
seen,0,2052
sent,0,2052
servant,0,2052
sin,0,2052
solomon,0,2052
son,2,2052
sovereign,0,2052
speak,0,2052
spirit,0,2052
taken,0,2052
tell,0,2052
thing,0,2052
tribe,0,2052
wa,0,2052
went,0,2052
wife,0,2052
word,0,2052
year,0,2052
aaron,0,2053
almighty,0,2053
altar,0,2053
babylon,0,2053
burnt,0,2053
came,0,2053
christ,0,2053
city,0,2053
come,2,2053
commanded,0,2053
daughter,0,2053
daughters,0,2053
david,0,2053
day,0,2053
declares,0,2053
descendant,0,2053
doe,2,2053
father,0,2053
given,0,2053
goat,0,2053
god,3,2053
grain,0,2053
ha,1,2053
hand,0,2053
hear,1,2053
heart,0,2053
israel,0,2053
jeremiah,0,2053
jerusalem,0,2053
jesus,0,2053
judah,0,2053
king,0,2053
kingdom,0,2053
know,1,2053
lamb,0,2053
land,0,2053
let,0,2053
life,0,2053
like,0,2053
lord,0,2053
love,3,2053
male,0,2053
man,0,2053
men,1,2053
month,0,2053
moses,0,2053
mother,0,2053
mouth,0,2053
offering,0,2053
old,0,2053
people,0,2053
pharaoh,0,2053
praise,0,2053
priest,0,2053
prophet,0,2053
reign,0,2053
sacrifice,0,2053
said,0,2053
saw,0,2053
say,0,2053
says,0,2053
seen,1,2053
sent,0,2053
servant,0,2053
sin,0,2053
solomon,0,2053
son,0,2053
sovereign,0,2053
speak,1,2053
spirit,0,2053
taken,0,2053
tell,1,2053
thing,0,2053
tribe,0,2053
wa,1,2053
went,1,2053
wife,0,2053
word,0,2053
year,0,2053
aaron,0,2054
almighty,0,2054
altar,0,2054
babylon,0,2054
burnt,0,2054
came,0,2054
christ,6,2054
city,0,2054
come,0,2054
commanded,0,2054
daughter,0,2054
daughters,0,2054
david,0,2054
day,1,2054
declares,0,2054
descendant,0,2054
doe,0,2054
father,1,2054
given,0,2054
goat,0,2054
god,3,2054
grain,0,2054
ha,2,2054
hand,0,2054
hear,0,2054
heart,0,2054
israel,0,2054
jeremiah,0,2054
jerusalem,0,2054
jesus,6,2054
judah,0,2054
king,0,2054
kingdom,0,2054
know,1,2054
lamb,0,2054
land,0,2054
let,0,2054
life,1,2054
like,1,2054
lord,7,2054
love,3,2054
male,0,2054
man,0,2054
men,7,2054
month,0,2054
moses,1,2054
mother,0,2054
mouth,0,2054
offering,0,2054
old,0,2054
people,1,2054
pharaoh,0,2054
praise,0,2054
priest,0,2054
prophet,0,2054
reign,0,2054
sacrifice,0,2054
said,2,2054
saw,0,2054
say,0,2054
says,0,2054
seen,0,2054
sent,0,2054
servant,1,2054
sin,0,2054
solomon,0,2054
son,0,2054
sovereign,1,2054
speak,1,2054
spirit,2,2054
taken,1,2054
tell,0,2054
thing,2,2054
tribe,0,2054
wa,4,2054
went,0,2054
wife,0,2054
word,1,2054
year,0,2054
aaron,0,2055
almighty,9,2055
altar,8,2055
babylon,6,2055
burnt,0,2055
came,25,2055
christ,7,2055
city,31,2055
come,47,2055
commanded,0,2055
daughter,0,2055
daughters,0,2055
david,3,2055
day,17,2055
declares,0,2055
descendant,0,2055
doe,6,2055
father,3,2055
given,28,2055
goat,1,2055
god,87,2055
grain,0,2055
ha,47,2055
hand,17,2055
hear,10,2055
heart,4,2055
israel,2,2055
jeremiah,0,2055
jerusalem,3,2055
jesus,14,2055
judah,2,2055
king,19,2055
kingdom,8,2055
know,15,2055
lamb,31,2055
land,7,2055
let,17,2055
life,23,2055
like,66,2055
lord,22,2055
love,6,2055
male,2,2055
man,7,2055
men,15,2055
month,2,2055
moses,1,2055
mother,1,2055
mouth,19,2055
offering,0,2055
old,1,2055
people,19,2055
pharaoh,0,2055
praise,4,2055
priest,3,2055
prophet,7,2055
reign,5,2055
sacrifice,0,2055
said,26,2055
saw,42,2055
say,25,2055
says,1,2055
seen,4,2055
sent,3,2055
servant,12,2055
sin,3,2055
solomon,0,2055
son,5,2055
sovereign,1,2055
speak,1,2055
spirit,22,2055
taken,4,2055
tell,1,2055
thing,9,2055
tribe,20,2055
wa,123,2055
went,5,2055
wife,1,2055
word,25,2055
year,4,2055
